WLD_gdp_per_capita_constant_us$,WLD_gdp_per_capita_constant_%_growth,ARG_gdp_per_capita_constant_us$,ARG_gdp_per_capita_constant_%_growth,AUS_gdp_per_capita_constant_us$,AUS_gdp_per_capita_constant_%_growth,BRA_gdp_per_capita_constant_us$,CAN_gdp_per_capita_constant_us$,CAN_gdp_per_capita_constant_%_growth,CHN_gdp_per_capita_constant_%_growth,FRA_gdp_per_capita_constant_us$,FRA_gdp_per_capita_constant_%_growth,DEU_gdp_per_capita_constant_us$,DEU_gdp_per_capita_constant_%_growth,IND_gdp_per_capita_constant_us$,IND_gdp_per_capita_constant_%_growth,IDN_gdp_per_capita_constant_us$,IDN_gdp_per_capita_constant_%_growth,ITA_gdp_per_capita_constant_us$,ITA_gdp_per_capita_constant_%_growth,JPN_gdp_per_capita_constant_us$,JPN_gdp_per_capita_constant_%_growth,MEX_gdp_per_capita_constant_us$,MEX_gdp_per_capita_constant_%_growth,RUS_gdp_per_capita_constant_us$,RUS_gdp_per_capita_constant_%_growth,SAU_gdp_per_capita_constant_us$,ZAF_gdp_per_capita_constant_us$,ZAF_gdp_per_capita_constant_%_growth,KOR_gdp_per_capita_constant_us$,KOR_gdp_per_capita_constant_%_growth,TUR_gdp_per_capita_constant_us$,TUR_gdp_per_capita_constant_%_growth,GBR_gdp_per_capita_constant_us$,GBR_gdp_per_capita_constant_%_growth,USA_gdp_per_capita_constant_us$,USA_gdp_per_capita_constant_%_growth,CHN_gdp_per_capita_constant_us$,SAU_gdp_per_capita_%_growth,time
3676.57551691475,2.45784841828049,7637.066651848399,3.72877851385579,20045.8436572101,0.464272841729567,2754.24634096382,13131.89929529209,1.11938696476608,-26.527643606404,11579.3113728918,3.60490103001044,15328.750347828327,1.7343331009030192,307.727896434352,1.67048184373182,619.40485088012,2.98578889766456,887.336744604475,7.48641883914016,6952.1095972467,11.0440730403403,3808.61384907818,1.78207713661618,6263.527506229745,0.9251360578239525,12656.258825806312,3890.37259673076,1.32811660586734,1066.61051506809,3.80955476222881,2477.79538392841,-1.26824121031736,15198.1534210409,1.89926198176089,19253.5473294341,0.618121192654741,175.023372303484,1.17957023516712,YR1961
3806.40354393707,3.53122155182244,7451.80339350561,-2.42584315141401,19815.7495923857,-1.14783926662849,2851.49288847603,13847.043914670328,5.44585823647479,-6.35150486433841,12200.1647059241,5.36174659302979,15594.6019390655,1.7343331009030192,310.3767247166,0.860769632178446,614.314122231815,-0.821874197638621,990.26015216342,5.48747776983932,7501.4454438345,7.90171442068974,3864.3539197837,1.46352644070259,6321.473657681598,0.9251360578239525,12805.548287801235,4029.27554255121,3.57042782835715,1076.92082427716,0.966642374457535,2553.61405822376,3.05992475355819,15235.9236991883,0.24851886345067,20116.2351242269,4.48066935423358,163.906754297899,1.17957023516712,YR1962
3922.0514587182,3.03824629853918,6945.95712519011,-6.78823959253077,20647.4859468336,4.19734994414505,2786.36244634607,14318.565242639934,3.40521291674428,7.62225446101341,12779.8777459094,4.75168207937229,15865.064282448777,1.7343331009030192,322.28406114022,3.83641409789735,584.789211389291,-4.80615857165361,1126.01933699825,4.84205248927523,8055.04139523596,7.37985706283395,4049.96780502313,4.80323203030584,6379.955889874653,0.9251360578239525,12956.598723854091,4218.96392422205,4.70775402842587,1141.8206594769,6.02642587427952,2719.25334879518,6.48646533089004,15859.4491137533,4.09246873951061,20701.2699473561,2.90827194808753,176.400144189273,1.17957023516712,YR1963
4095.19620393103,4.41464746282068,7532.00447516528,8.43724398830246,21659.1520578829,4.8997060158038,2799.6419489352,14984.486700577498,4.65075548180265,15.4689954188308,13450.6130773243,5.2483704832748,16140.217343778828,1.7343331009030192,339.203690199302,5.24991183219589,589.416871315786,0.791338115746171,1222.5445404629,1.95553270968082,8902.49555330628,10.5207920914166,4393.46222117083,8.48141103051884,6438.979162285146,0.9251360578239525,13109.430905890717,4439.90686249409,5.2369003916709,1217.72626522374,6.64776951764121,2800.10358710371,2.9732514016892,16628.5760831549,4.84964492704,21599.8187054259,4.34054896320299,203.687474412722,1.17957023516712,YR1964
4235.39881952799,3.42358726212863,8202.11254803701,8.89680927674999,22509.0974044746,3.92418569443652,2787.43877839417,15645.230386355575,4.40951831705128,14.1978890116067,13938.2009035424,3.62502306337294,16420.142475729674,1.7343331009030192,323.464109082008,-4.64015621647454,579.924636461,-1.61044505454971,1304.45381661965,2.40204614684968,9319.70655763259,4.68645001649419,4561.1360417732,3.81643934012676,6498.548480271216,0.9251360578239525,13264.065850856401,4593.00819638224,3.44830057543486,1274.04150740789,4.62462244532431,2811.42383970151,0.404279779146052,16876.0173572894,1.48804848290725,22696.678582964,5.07809761043293,232.606795960385,1.17957023516712,YR1965
4384.88331464691,3.5294077721725,8026.87623718092,-2.13647776508532,22525.0519937315,0.0708806264874511,2893.57582468551,16386.137771717815,4.73567577508092,7.60840392828521,14520.90271332,4.18060992096517,16704.92244190169,1.7343331009030192,316.619267654466,-2.11610538398452,580.152319907286,0.039260868045929,1402.44235441032,5.16416328074524,10217.4142097791,9.63235963058663,4690.79338533453,2.84265460126308,6558.668895497376,0.9251360578239525,13420.52482360607,4675.44315662875,1.79479236095065,1391.42024943415,9.21310187649034,3053.27112159286,8.60230600865309,17047.2524596601,1.01466536058506,23894.408153854,5.27711385836413,250.304460561694,1.17957023516712,YR1966
4475.41894069285,2.06472144295191,8161.60211352432,1.67843470314565,23644.6004905653,4.97023712595779,2934.98774513646,16591.426063475057,1.25281682979357,-8.16149758528742,15101.8177290415,4.00054340415525,16994.641441291766,1.7343331009030192,334.332955557731,5.59463359083901,572.381630153484,-1.33942233567981,1533.69287748547,6.40567760378134,11232.9060981793,9.93883449912613,4813.53556158258,2.61666132283287,6619.345506362906,0.9251360578239525,13578.829339828542,4884.54369106114,4.47231476092134,1482.72648976961,6.56208937397587,3122.89001474066,2.28014121168091,17428.1583772499,2.23441236933108,24226.5287873383,1.38995128628369,229.875868057084,1.17957023516712,YR1967
4645.79889879226,3.80701695991488,8429.86888847954,3.28693767747738,24414.7801364538,3.25731723061205,3138.78573172604,17141.473321914447,3.31525003537992,-6.57145161433968,15656.8327241562,3.67515358132928,17289.38513318787,1.7343331009030192,338.432623848126,1.22622320720862,617.849466058577,7.94362249062763,1651.93937679756,5.87359459594813,12537.8808936569,11.6174281532467,5106.63459317368,6.089059233931,6680.583458434218,0.9251360578239525,13739.0011690053,4957.38196890053,1.49119922855209,1639.45298202879,10.5701552741211,3256.50364177937,4.27852490507286,18287.2056960879,4.92907684359439,25137.1602435017,3.75881936763187,214.76968661467,1.17957023516712,YR1968
4815.43889354302,3.65147089760711,9108.49687723332,8.05027928347988,25593.1263966241,4.82636441362362,3349.53183697454,17763.14883526566,3.62673325493226,13.7793403435262,16644.302861919,6.30695974824673,17589.24066249535,1.7343331009030192,352.883205689277,4.269854861166,642.410353317672,3.97522189600261,1813.38812575706,5.49917950556602,13935.6862699391,11.1486573220626,5121.19402461649,0.285108150527762,6742.387944881215,0.9251360578239525,14016.7876286284,5057.39714959405,2.01749998932796,1836.1458818301,11.9974712271352,3309.8921667132,1.63944312080247,18561.728287271,1.50117298260513,25664.3794275179,2.09736970647879,244.36353268803,2.02188249499365,YR1969
4902.10019765073,1.79965535901437,9243.25657925509,1.4794944087712,26894.5064781818,5.08488123486703,3605.87048569222,18124.59034014288,2.0347828430038413,16.0503992929185,17526.4742001718,5.30013990715806,17894.2966855025,1.7343331009030192,362.991056323618,2.86436148600433,672.67672004984,4.71137592597304,2106.86395924945,4.71342068855478,14114.3158179076,1.28181378734011,5290.20427607333,3.30021183818555,6804.764206917686,0.9251360578239525,21336.2492586566,5184.4745419988,2.5127034449915,1977.07104276071,7.67505252851426,3336.49171375802,0.803637874137436,19655.9119684222,5.89483729218043,25295.2100247742,-1.43845053330176,283.58485541074,52.2192518282772,YR1970
5004.87897571253,2.09662744370378,9613.67688115372,4.00746532050165,27040.5102887513,0.542875961259725,3917.28584471536,18493.38639474884,2.0347828430038413,4.15917620131417,18312.5429574749,4.48503645585114,18421.0421814761,2.94365017654113,360.717461308511,-0.626350147062567,701.072582624164,4.22132381394445,2305.60975059607,1.34428039487906,14456.8211953459,2.4266523567772,5325.55057695263,0.668146238495154,6867.71753424578,0.9251360578239525,24599.0621649002,5264.27529594441,1.53922549525799,2142.90070130043,8.3876428794463,3438.97126563128,3.07147628902217,20259.99990997,3.07331424010384,25800.0012953805,1.99560023463674,295.379649227515,15.2923452791015,YR1971
5180.86454637624,3.51628024409231,9614.23793078017,0.0058359526056222,27585.782806075,2.01650232004111,4280.66834818188,18869.686648199597,2.0347828430038413,1.29010597099864,18985.767152331,3.67630097261473,19121.4978922895,3.80247601581306,350.560999642934,-2.81562795123209,730.958414135755,4.26287266857975,2671.1373144713,3.10348977837458,15455.1369428391,6.90549972226684,5593.72468992327,5.0356129210606,6931.253265504586,0.9251360578239525,28856.96020492,5209.74103412148,-1.03593104002245,2254.79802440249,5.22176893377066,3606.83195212784,4.88113082462014,21064.029387729,3.96855617636645,26867.6303169189,4.13809677493917,299.190359719314,17.3091885027035,YR1972
5405.59425749347,4.33768744782989,9725.46704467513,1.15692075332213,27878.8169473623,1.06226509266496,4764.11796811139,19253.643794645748,2.0347828430038413,5.3272930139383,20033.0120405998,5.51594718225618,19972.0254072346,4.44801719894595,353.783265117259,0.919173974745277,769.947883417212,5.33402017508151,3205.25204038444,6.40180594442019,16463.2791725065,6.52302359659433,5858.38098050227,4.73130704941127,6995.376788722869,0.9251360578239525,34129.1191556339,5304.04130415275,1.81007595989213,2545.31617074861,12.8844421186288,3636.52963269493,0.823373003268728,22394.9063665057,6.31824497715544,28114.8675610758,4.64215574445912,315.129106851017,18.2699733903888,YR1973
5398.38247398688,-0.133413333725358,10100.068478657,3.85175778459927,28297.9448224226,1.50339189733786,5032.17956202264,19645.41363523227,2.0347828430038413,0.21800566735925,20744.7098004525,3.55262482950845,20141.9394753194,0.850760324104428,349.725680694325,-1.14691248089116,804.767173415532,4.52229180029475,3621.14582247876,4.81201382086347,16046.7846823822,-2.52983920007762,6021.2216065834,2.77961823621737,7060.093541775991,0.9251360578239525,37741.1197578437,5481.59664721298,3.34754827269563,2740.0886223338,7.65219086821365,3750.11049633371,3.1233311731493,21824.7595550081,-2.54587718370763,27708.5699542679,-1.44513434368933,315.816106163451,10.5833396570786,YR1974
5333.76131395353,-1.19704671435821,9939.69662329323,-1.58782938653039,28325.0160604625,0.0956650322482062,5168.28064014686,20045.155141319116,2.0347828430038413,6.81644050627797,20416.3807476764,-1.58271219956511,20041.9479922639,-0.496434234538626,372.964620517747,6.64490516603895,828.702138136857,2.97414774260017,4106.99386771403,-2.67318392261384,16333.6748183256,1.78783564198017,6191.80955332386,2.83311191459804,7125.409012847061,0.9251360578239525,32680.6822213227,5432.34597753518,-0.89847306993731,2905.6238168424,6.04123505931034,3926.3394599734,4.69930056226298,21504.7354166853,-1.46633523048108,27380.3393850157,-1.18458141215473,337.343523149327,-13.408286688339,YR1975
5517.57121501651,3.44615910318511,9591.17200094829,-3.50639094485236,28769.1030094732,1.56782593896072,5564.76337106389,20453.03051898818,2.0347828430038413,-3.08132198492802,21192.4503743429,3.80121058799749,21124.2556950912,5.40021211134318,370.528802668629,-0.653096222836538,865.604091304368,4.45298153211913,4033.09935444585,6.59231972628913,16801.9250306258,2.86677809806082,6292.80258321885,1.63107455139293,7191.328740892346,0.9251360578239525,36612.547109271,5416.60845442062,-0.289700309583438,3237.68299953481,11.4281546278508,4238.62817738042,7.95368613923006,22136.0260990134,2.93558916255412,28582.7368220699,4.39146286737468,326.948883005796,12.0311591457015,YR1976
5644.96901042549,2.30894700665144,10103.6273664291,5.34299004782892,29468.8424715425,2.43226026838195,5702.51442266968,20869.205274862892,2.0347828430038413,6.11400167604759,21826.9180620996,2.99383826102881,21880.8076281356,3.58143711174701,388.407474871009,4.82517744197312,914.53796663642,5.6531474173504,4603.59970127027,2.12582750574286,17370.6165468412,3.38468071473208,6337.72236709315,0.713827953130107,7257.858316110998,0.9251360578239525,37275.9634841097,5279.90798727178,-2.5237280541716,3580.81916869842,10.5982015290845,4285.06805327106,1.09563457673553,22687.5314212341,2.49143780258392,29605.1832509229,3.57714670648173,346.938543192589,1.8119918640426,YR1977
5777.50804144541,2.34791423611256,9505.85621016849,-5.91640145248037,29388.5743635266,-0.272382968871057,5845.75254337152,21293.848283267052,2.0347828430038413,9.84615684801975,22602.2938154866,3.55238312244077,22558.714790358,3.09818162904907,401.312505102078,3.32254940133549,954.12914869271,4.32909113679575,5610.49809928171,2.87293634907391,18120.7284269821,4.31828011468774,6731.40556006924,6.21174564256984,7325.003380419115,0.9251360578239525,33535.9314081105,5307.18611830585,0.516640272895444,3913.12386875889,9.28013073000997,4253.07650717444,-0.746581984204425,23640.1072323673,4.19867544620412,30914.6159489633,4.42298460692567,381.098656321566,-10.0333612505915,YR1978
5914.48268847427,2.3708257270481,10321.2391038659,8.57769016982598,30250.3700609242,2.93241749918668,6094.9209305223,21727.13185475024,2.0347828430038413,6.16566370932294,23308.6779017224,3.12527609809175,23484.5991918307,4.10433134190953,371.6631279474,-7.38810198479524,998.230067076366,4.62211205307801,6990.28580671461,5.65322399056257,18953.3339137399,4.59476830698536,7202.3100383993,6.99563373693411,7392.769627928196,0.9251360578239525,35516.144201161,5372.09692371166,1.22307384664573,4188.42228114109,7.03525933794455,4132.74354284057,-2.8293157701461,24504.3814347225,3.65596565979993,31543.384323832,2.03388706463849,404.595917871102,5.9047496518067,YR1979
5921.95627007976,0.126360697953331,10318.1829852053,-0.0296099976938393,30790.9684924934,1.78708039101825,6500.38780554116,22169.23180600752,2.0347828430038413,6.49011265514277,23571.7601213171,1.12868786768578,23766.107651563,1.19869390758107,387.640860003411,4.29898229190846,1072.45015114535,7.43516815581029,8456.91897443827,3.21717014392455,19334.3747442401,2.01041585735973,7677.20309994558,6.59362147719797,7461.162805428017,0.9251360578239525,35380.4575988977,5581.45278962312,3.89709770476028,4055.79084165206,-3.16662052167507,3941.5801719681,-4.62558029286949,23977.932424806,-2.14838726420807,31161.9307250523,-1.20929826319077,430.854648739046,-0.3820420412045,YR1980
5931.82361653421,0.166623088797664,9630.11517768569,-6.66849782084861,31318.0837448787,1.71191514327921,6079.24403845641,22620.32753122191,2.0347828430038413,3.77490366463344,23708.2313315445,0.578960627144468,23855.5258569738,0.376242532945767,401.484583883724,3.57127571128366,1130.19228975098,5.38413263721054,7622.83332844583,0.723232399974208,20011.8292508853,3.5038862937472,8134.11371583046,5.9515244020068,7530.188712873981,0.9251360578239525,33898.2528884942,5725.02633097035,2.57233280937453,4282.34337047068,5.58590266766159,4039.99782612128,2.49690859653467,23780.7654286142,-0.822285227511145,31640.6777866874,1.53632028085542,447.118996663539,-4.18933165649541,YR1981
5849.89378356401,-1.38119132102705,9407.87464079697,-2.30776613558768,31823.6227486897,1.61420796983991,5987.82054505781,23080.602074858485,2.0347828430038413,7.4234102319374,24176.3145490166,1.97434895469959,23783.9454870064,-0.300057816359015,405.876645951751,1.09395534581678,1129.1815448836,-0.0894312301144851,7556.52343693203,0.33922498995851,20525.2958514713,2.56581541921426,7903.74113323438,-2.83217804230759,7599.853203878967,0.9251360578239525,25215.5102318347,5548.46996053614,-3.08393988476696,4568.259117929,6.67661891453824,4089.68339317607,1.22984143044675,24263.8611394764,2.03145568342806,30775.4413892534,-2.73456973098722,480.310474010796,-25.6141302775122,YR1982
5899.64605302249,0.850481586490858,9660.19212976018,2.68198183539825,30729.8075830818,-3.43711705686596,5679.89740440112,23550.242205939692,2.0347828430038413,9.18113704957753,24343.1301270876,0.689995895498413,24221.3403747435,1.83903418369323,425.47251269757,4.82803505480535,1152.39844209615,2.0560818867213,7832.5753867885,1.1324911624162,21122.9648423051,2.91186541309219,7455.00738063742,-5.67748544686123,7670.16218620974,0.9251360578239525,19879.5109280526,5297.83282565492,-4.51722973475378,5103.52301682838,11.7170214097233,4197.40445127083,2.6339705971983,25279.6243148859,4.18632125188361,31893.1990487271,3.631979295881,524.408436893203,-21.1615757711118,YR1983
6069.45563888208,2.87830124609918,9655.18364934168,-0.0518465921922342,31780.2585285748,3.41834533995349,5853.89725888604,24029.438493832,2.0347828430038413,13.6900198409219,24573.9301474875,0.948111517274015,24991.3336835112,3.17898719416294,431.702995921846,1.46436797638789,1204.45972976893,4.51764648154884,7739.71528361795,3.20278297292819,21912.1518618524,3.73615647916348,7538.89498220101,1.12525175738216,7741.121622287944,0.9251360578239525,17857.5229177895,5419.72231246743,2.30074241343084,5572.83257003943,9.19579576037069,4382.25318679062,4.40388191478253,25812.3621110214,2.10738019481506,33906.3512435069,6.31216765588185,596.200055951351,-10.1712160705614,YR1984
6185.80977739739,1.91704405531725,9009.00172876523,-6.69259067506709,32995.138056256,3.82274903959301,6178.52391509739,24518.385385574653,2.0347828430038413,11.8965617103967,24832.9691797729,1.05412130143901,25630.3329976336,2.55688360699232,444.232664402131,2.90238163706262,1208.25095980679,0.314766026970915,7990.68656551182,2.76838147537848,22898.9942415023,4.50363061497403,7538.47354476428,-0.0055901751877911,7812.737529695736,0.9251360578239525,15248.7572023047,5216.88009623823,-3.7426680655314,5950.80042847995,6.78232933952742,4473.30837592613,2.07781671332864,26821.9659801116,3.91131917624503,35008.5302281401,3.25065642338708,667.127363525023,-14.6087770823238,YR1985
6287.64492299374,1.64627024206993,9412.99481324691,4.48432686156282,33767.1612179806,2.33980885428716,6504.975723405,25017.281284781886,2.0347828430038413,7.34143347128678,25270.018173555,1.75995464182361,26204.5895785314,2.24053499792906,455.228161695127,2.47516632028726,1252.2137805943,3.63855045433117,11315.0151767923,2.85436688673717,23527.7125188459,2.74561524717127,7154.24821050323,-5.09685856134499,7885.015981686095,0.9251360578239525,16969.646990634,5090.53115169454,-2.42192540777002,6559.29071439433,10.2253519207635,4691.99785728307,4.88876381815864,27602.9439141772,2.91171025511218,35887.5545010474,2.51088596744542,716.104075086962,11.2854429085483,YR1986
6408.01412026769,1.91437650739105,9517.10860969582,1.10606452584452,34104.8306330869,0.999993493461133,6601.58908030838,25526.32863215064,2.0347828430038413,9.88116379585462,25769.7309382798,1.9774927002141,26531.229705288,1.24649968578119,463.055750034309,1.71948684150705,1289.33651247332,2.96456822743136,14234.7286380474,3.18143030285239,24503.0845657802,4.14563058840942,7130.36654958648,-0.333810908065686,7957.963107697855,0.9251360578239525,15129.5690349225,5075.96922967371,-0.286058990444999,7321.39277022591,11.6186656304034,5039.30780719747,7.40217622596077,29029.7048005534,5.16887217107056,36798.6044063082,2.53862353656405,786.863491695095,-10.8433484605015,YR1987
6588.72447297114,2.82006795415572,9269.35579059497,-2.60323622710837,35478.4267523247,4.0275705632889,6471.95272649278,26045.733987606414,2.0347828430038413,9.44617135687768,26840.0498564772,4.15339578345197,27407.5200661963,3.30286372189374,496.856131052469,7.29941934975551,1336.42018498887,3.65177531699894,15744.6612635428,4.14404212443536,26026.8648821107,6.21872855329639,7079.85565753801,-0.70839124043907,8031.585093875495,0.9251360578239525,16403.8876197463,5168.13895485087,1.81580543550849,8119.16798137142,10.8964951913226,5061.87260091835,0.447775658566812,30625.7233408827,5.49788070975809,37989.1923811549,3.23541610899424,861.191965465324,8.42270247012567,YR1988
6719.22087034141,1.98060182825384,8477.67290305717,-8.54086201266614,36231.0161797299,2.12125930120597,6553.23804876825,26575.708114120647,2.0347828430038413,2.62085917492101,27854.6078624175,3.78001535528227,28256.1062209731,3.09617999996819,515.410609033905,3.7343763761419,1414.35140026826,5.83134078299179,16386.6622120866,3.31086193455002,27199.939969537,4.50717015952465,7229.12021066727,2.10829938277526,8105.88818359375,0.9251360578239525,15700.2361179692,5169.78501222284,0.0318500989689312,8607.86582512298,6.01906309701717,4986.63752784716,-1.48630909947329,31333.4619678829,2.31092868933305,39014.204109084,2.69816667236526,883.762594105905,-4.28954110201349,YR1989
6794.01055864621,1.11307084181323,8149.24061859681,-3.87408535592273,36974.4509255049,2.05192904909737,6155.64537307478,27116.466063233554,2.0347828430038413,2.40655857199583,28523.5774453551,2.40164782158068,29485.7099744881,4.35163905422439,532.75455001045,3.36507256011967,1489.74287843537,5.33046300606807,20825.7842228307,1.90043982743266,28422.2131195125,4.49366120419509,7460.69661193459,3.20338290855382,7849.51220703125,-3.16283597296696,17453.4061704319,5031.46391140021,-2.67556775563391,9365.39498597615,8.80042947047626,5354.80453104322,7.38307128079958,31469.1612929282,0.433081174319,39303.4890094262,0.74148609960973,905.030858570453,11.1665202949153,YR1990
6780.12257434847,-0.204415112073534,8769.75039972016,7.61432641597717,36361.9422733113,-1.6565726788688,6110.71907521168,27668.22726231719,2.0347828430038413,7.78209199050757,28663.2840835565,0.489793534731334,30766.9289577727,4.34522005538682,527.514516425086,-0.983573689846821,1563.29503298628,4.93723820503607,21956.5297707332,1.46817561113606,29308.274088137,3.11749463315445,7632.44279095691,2.30201263977925,7432.015625,-5.31876190965632,19427.8508821429,4858.96416750263,-3.42842057371679,10272.6206979978,9.68699892935838,5303.00977154228,-0.967257706619733,31025.9226234739,-1.40848580401779,38739.7983208225,-1.43420012525736,975.461192526886,11.3126612217163,YR1991
6813.30863999674,0.489461145936019,9338.69951701644,6.48763181805525,36072.0398069721,-0.797268925185989,5974.59006469738,28231.215603614128,2.0347828430038413,12.8332095807123,28977.2620870713,1.09540135945181,31121.0705650076,1.15104633199144,545.399464560774,3.39041819301815,1636.95485381324,4.7118310538129,23243.4745277206,0.765807599435163,29462.6539670948,0.526745036209022,7760.90556403676,1.68311478511254,6345.90673828125,-14.6139171358036,19606.3917819696,4637.86602056381,-4.55031441510828,10796.6046542439,5.10078169583505,5479.29382064114,3.32422636754058,31066.2355492075,0.129933044128521,39552.0218779482,2.09661276602233,1100.64417174238,0.9189945965189,YR1992
6829.65252414687,0.239881752225116,9974.00441871003,6.80292690150243,37161.6791478602,3.02073114445136,6165.31686502015,28805.659535087892,2.0347828430038413,12.5819966439285,28670.5991675264,-1.05828811094526,30615.1402117435,-1.62568428424478,560.161940734157,2.70672729487779,1714.87757882103,4.76022443907142,18738.7638969132,-0.913401721941298,29232.4397928178,-0.781376228136594,7773.16183125799,0.157923158838955,5798.90966796875,-8.6196861844154,18815.7671265977,4581.2182747854,-1.22141833177668,11422.5146522022,5.79728551709316,5804.31912905101,5.93188317781865,31763.4894327669,2.24441059958784,40108.0080371193,1.40570856500528,1239.1271844926,-4.0324842233283,YR1993
6949.81072322034,1.75936035762636,10423.3788791662,4.50545680141448,38234.029887488,2.8856358598897,6420.40739190523,29391.792153121958,2.0347828430038413,11.7663891456246,29237.7063204025,1.97800942199515,31238.8790596628,2.03735420973175,585.964621108576,4.60628944919065,1815.01821008866,5.83952070424054,19337.6308996383,2.1302154755529,29466.7552451756,0.801559685125412,8018.72100901051,3.15906426603718,5071.73876953125,-12.5397898608654,18452.2183901577,4619.38823700333,0.833183662695419,12356.2782851767,8.17476415138178,5445.85257760296,-6.17585876100264,32901.2473045703,3.58196751087989,41215.3429307632,2.76088229716902,1384.92771102922,-1.93214942550016,YR1994
7058.32055138363,1.56133501306364,10003.0916892982,-4.03215881088221,39223.1607674505,2.58704322529762,6584.73922064371,29989.851297105033,2.0347828430038413,9.75495489020201,29746.0054678075,1.73850555113575,31628.1598130943,1.24614187560326,618.367769404092,5.52988134918675,1934.12343260575,6.56220537375599,20664.5522701724,2.88520235071749,30171.1637924347,2.39051955805158,7390.71471635729,-7.83175137216439,4862.64208984375,-4.12277236522603,18070.3953537927,4662.39685479864,0.931045748672773,13408.6814173347,8.51715304454162,5782.2531159155,6.17718775010638,33645.0733046118,2.26078359022632,41820.6801876235,1.46871823407399,1520.02678450203,-2.06925274940758,YR1995
7209.15715593984,2.13700417058347,10430.6824927136,4.27458646483123,40203.3023270116,2.49888469053339,6624.10037220125,30600.07964594089,2.0347828430038413,8.77642981052642,30059.6949915431,1.05456016296066,31790.8668596056,0.514437284599765,652.566081500049,5.53041632957574,2054.38583522813,6.21792800785018,23081.6046757702,1.23832837048366,31046.1701544648,2.900141234358,7765.6049833663,5.0724494368494,4686.85888671875,-3.61497549497646,18162.0401484295,4770.17818521943,2.31171506367718,14329.5393059263,6.86762448842396,6111.0778989006,5.68679330346184,34374.5202164087,2.16806456384484,42896.4164829209,2.57225920399024,1653.43086834505,0.50715434190856,YR1996
7385.24861071712,2.44260807426271,11146.7210336555,6.86473336181048,41309.8259685443,2.75232027591224,6742.71174107548,31222.724816522,2.0347828430038413,8.12449757701776,30653.3528508069,1.97492975038789,32313.2970704344,1.6433342731292,666.420153969005,2.12301449028875,2119.91810098272,3.18987137814375,21829.3458226222,1.77635122351289,31276.1930771932,0.740905952598837,8168.91618207968,5.19355799808589,4760.33544921875,1.56770414975504,18009.3078467365,4809.21819376776,0.818418244192401,15071.7563891218,5.17962976582618,6470.78339443597,5.88612191639852,35969.2149523957,4.63917670980547,44267.9058817489,3.1972120547039,1787.7638191814,-0.840942429621251,YR1997
7487.41745850802,1.38341785329521,11445.5649384682,2.68100281607806,42767.7939690644,3.52934917138184,6662.85343857573,31830.6171059926,1.94695463974652,6.8160645646963,31636.5672206853,3.20752635009862,32959.0735691418,1.99848532107309,694.735303105898,4.2488434613293,1815.69806642163,-14.3505560153507,22318.1373007109,1.78132437367471,30795.0888900928,-1.53824407565509,8461.49270188363,3.58158308008818,4515.505859375,-5.14311536211871,18178.0426139891,4756.38715885073,-1.09853686791526,14195.8130931157,-5.8118196273288,6522.94173019496,0.806059059307017,36995.7094347959,2.85381397330664,45715.6926453849,3.27051107297336,1909.61895536109,0.936930884232538,YR1998
7647.84131268502,2.14257926803202,10935.6445948055,-4.4551784591153,44369.2728270564,3.74459075244904,6595.61609911524,32826.5308068591,3.12879168364921,6.73348565843446,32551.0830706316,2.89069241794468,33559.3993737499,1.82142803058096,742.658951808149,6.89811623045533,1804.70516179874,-0.605436819380117,22005.0545405773,1.60863473141113,30636.266116943,-0.515740590055131,8567.07842500423,1.24783802150048,4819.37646484375,6.72950292335021,17137.7141060223,4798.44750520995,0.884291899597599,15711.5640210645,10.6774505835378,6213.06375522918,-4.75058628120718,37975.0998606586,2.64730813606604,47360.5364177179,3.59798501816873,2038.20287385107,-5.72299520943008,YR1999
7886.67743197314,3.12292200535036,10730.6082172968,-1.87493636731784,45558.753131278,2.68086499604787,6787.66899225011,34121.6091941822,3.94521856404198,7.63859767603294,33597.3662427446,3.21428067337351,34490.0757688619,2.77322125091402,757.668747182558,2.02108859495532,1867.54879635774,3.4822106064327,20137.5912217673,3.73994653301939,31430.6311303282,2.59289108650813,8861.86956567291,3.4409763287365,5323.66259765625,10.4637091559227,17690.6612981767,4930.02546578478,2.74209440515851,16992.4790763689,8.15268965958531,6543.7314468452,5.32213581967065,39229.2684645729,3.30260778382726,48746.0409600767,2.92544098347776,2193.8929912059,3.22649326936822,YR2000
7941.11778954735,0.690282543489218,10146.1068184859,-5.44704817261687,45864.7680331103,0.671692881827951,6788.57656201416,34227.341749713,0.309869780551935,7.55165483155264,34015.3809173194,1.24418881990496,35011.068457503,1.5105582606794,780.606234028334,3.02737666441584,1909.29186789858,2.23517969770081,20500.9543995672,1.89412399481279,31476.052066579,0.144511690084897,8702.9848728584,-1.79290263343491,5618.95068359375,5.54671833932643,17032.35698426,4996.07852562648,1.33981173728463,17680.845491777,4.05100640297607,6075.99562671406,-7.14784559743271,39888.499257412,1.68045650260957,48726.5816727299,-0.0399197287893003,2359.56821727539,-3.72119675359191,YR2001
8023.63920834863,1.03916628600946,8943.30800223846,-11.8547817184023,47127.2781005515,2.75267950015518,6904.6253073595,35015.7949689871,2.30357713736453,8.40487997514565,34152.3658925504,0.402714805881303,34883.0580735445,-0.365628327264105,796.724785582021,2.06487609899125,1968.30112833041,3.09063592759024,22376.2978989329,0.104759513559856,31416.1241772435,-0.190392013612978,8580.88729814666,-1.40293906625668,5910.1669921875,5.18275023824988,16094.7002735836,5115.88100187292,2.39793020930182,18936.9516520974,7.10433310954843,6373.13190722821,4.89033071728603,40563.337319998,1.69181111134587,49095.3317986996,0.756774050858581,2557.88709386907,-5.50514947251813,YR2002
8173.34362963716,1.86579203527448,9629.84408600561,7.67653404752819,47997.1371388983,1.8457654959213,6896.13719435172,36024.0992359873,2.8795698281111,9.35477664390774,34190.3029345668,0.111081739214896,34619.6640670185,-0.755077166602604,845.274844474197,6.09370510002513,2034.76146206165,3.37653282694683,27526.3224609957,-0.305508789463317,31830.2175849262,1.31809196241525,8587.08855266964,0.0722682201445934,6370.44873046875,7.78796752390349,17384.7941267409,5202.68768866559,1.69680816971494,19431.9711103534,2.6140398272664,6644.14590345974,4.25244605284489,41598.211744861,2.55125562450405,50036.2342349321,1.91648045091225,2797.17171830387,8.01564385311802,YR2003
8434.81974736065,3.19913280992319,10389.1512740641,7.88493750549884,49439.1222880846,3.00431491364444,7206.26179832942,37086.4492996776,2.94899827121588,9.4615587704991,34899.8763766384,2.07536459512968,35034.0806086181,1.1970553521185,897.628232696276,6.19365269939453,2108.64179486102,3.63090879087639,31317.2007943296,0.769317663351927,32515.1158024317,2.15172332918605,8801.32190186818,2.49483102316368,6856.67236328125,7.63249118230908,18219.8572461831,5373.80695103202,3.28905505397188,20361.0692543545,4.78128615324052,7194.68202623479,8.28603300972621,42336.5541810782,1.77493792460548,51485.2074124697,2.89584777850045,3061.82776434297,4.80341103469091,YR2004
8667.76916728566,2.76175931320772,11192.1795786128,7.72948899640498,50332.8748422221,1.80778402361102,7352.28258589388,38573.1997654019,4.00887788882287,10.7413751264029,35213.893088874,0.899764540271406,35310.4704669272,0.788917115869921,953.567972961256,6.23194973457434,2199.09391371933,4.28959148389987,32055.0920757503,0.323656244406962,33098.5474664872,1.79433980060388,8877.85129102564,0.869521533364463,7323.37939453125,6.80660765259209,18683.3771120497,5587.79335186404,3.98202620194472,21193.3575135298,4.08764514661904,7738.57821530378,7.55969738600983,43137.2551546647,1.89127572868068,52789.7314187756,2.53378411366741,3390.7101702354,2.54403675947441,YR2005
8944.51468113937,3.19281130487659,11970.6553871118,6.95553357619964,50948.2249676411,1.22256105447553,7560.70204026723,39776.1794731157,3.11869306935945,12.0933046939024,35825.7485784696,1.73754003299598,36699.446781036,3.9336103307084,1014.62764066233,6.40328423693353,2289.4220118994,4.10751435473269,33529.7266014361,1.48515735957702,33531.5185630775,1.30812718300903,9142.80477389632,2.98443254099685,7949.89013671875,8.55494147469737,18669.6135725792,5826.8261993961,4.27776820795123,22192.1851207944,4.71292765493601,8173.53625104099,5.62064533866236,43927.8860195651,1.83282608516863,53738.0917251561,1.79648632582968,3800.75908240911,-0.0736673000176751,YR2006
9230.92480459252,3.20207561464554,12919.2353647124,7.9242108884188,52538.9755805727,3.12228858599492,7936.82442801739,42097.4351198181,5.83579337545824,13.6358205006408,36468.0978775182,1.79298221122066,37842.3577913563,3.11424588261349,1075.99408734074,6.04817414971588,2402.6675422689,4.94646813828543,37870.7475070969,0.975922132963376,33990.0360341685,1.36742232603785,9214.35353384224,0.782569044350566,8640.3984375,8.68576548155966,18496.3245216551,6060.39420926967,4.00849453683342,23360.9057353821,5.26636114571932,8483.96613595463,3.79798749744459,44576.3676643203,1.47624141181365,54299.6172405205,1.04493013677586,4319.02376854822,-0.928187668429203,YR2007
9306.19353289736,0.815397480731249,13310.6236843092,3.02950065191851,53338.6027837258,1.52196953655246,8258.61588399477,42063.6330521731,-0.0802948387444928,9.09028010153618,36357.3225084709,-0.303759657055082,38278.3130082531,1.1520297421751,1093.07655122556,1.5875983042843,2513.67159183009,4.62003367541941,40944.9124194678,-1.61594062742927,33557.6454041531,-1.27210994887062,9181.39996717864,-0.357632974929516,9093.6923828125,5.24621001829865,19117.928775136,6170.90532942457,1.82349722375925,23882.7304951493,2.23375225977168,8451.47911084719,-0.382922616460633,44120.9295397417,-1.02170308717874,53854.1606116578,-0.820367898524154,4711.63512676117,3.36069067534564,YR2008
9071.97272517689,-2.51682717420934,12398.2835807357,-6.85422505520184,53225.9510414936,-0.211201149548302,8169.26241967776,40368.2920365479,-4.03041984871436,8.85594767555551,35131.4491385136,-3.37173720554279,36190.3928860698,-5.45457716940945,1162.49880786308,6.35108827096114,2595.29875925407,3.2473282384732,37226.7571935402,-5.71150838276657,31651.0837739853,-5.68145234031182,8568.61814933121,-6.67416537824273,8381.861328125,-7.8277499767233,18202.6926160124,5992.02728259253,-2.8987326378043,23948.4722438582,0.275268980329585,7942.03133076445,-6.02791266949811,41928.6098473613,-4.96888826969469,51996.1834952422,-3.45001592321435,5128.89506825024,-4.78731859443883,YR2009
9370.38525906528,3.28938967221781,13551.3391940229,9.30012292248985,53542.8337248074,0.595353727107323,8702.25533075519,41155.3236376889,1.94962818944229,10.1028326227139,35639.8040642823,1.44700813155868,37760.9136283996,4.33960677706354,1244.3660155716,7.0423476699315,2720.19162246855,4.81227306756668,36035.6449950691,1.40091534299962,32942.2020783725,4.07922304843274,8878.56137655041,3.61719033124828,8755.11328125,4.45309639834757,18568.3631857203,6084.96797829261,1.55107263897287,25451.0041554666,6.27401988865388,8491.58865227409,6.91960656691013,42487.9254102784,1.33397115943812,52963.4641697124,1.86029167805893,5647.05875239019,2.00888174855088,YR2010
9568.3562939778,2.11273100773522,14200.2698890608,4.78868313859435,54108.1110551111,1.05574787694091,8965.62055746199,42036.9978438542,2.14230900946657,8.95381604183163,36245.5427948625,1.6996129650087,39977.3417095357,5.86963573749217,1292.8212056402,3.89396604071817,2849.35498540064,4.74831853260665,38649.6394836789,0.534287439584816,33011.13423011,0.209251802819637,9076.30145285741,2.22716347751184,9124.4677734375,4.21872333852829,19813.2551482194,6182.79390114284,1.60766536815335,26186.8975422978,2.89141199434026,9299.13730289693,9.50998315735163,42771.6411209323,0.667756092852983,53394.8618380061,0.814519357932042,6152.68600485336,6.70437103178014,YR2011
9708.87209345345,1.46854689727738,13895.6337072986,-2.14528444981812,55254.6062126847,2.1188970289609,9056.58043788945,42315.8073891558,0.663247994866836,7.13452377748027,36183.4879863585,-0.171206729763156,40069.3539560742,0.230160992711959,1346.67591021735,4.16567305225209,2980.61011028002,4.60648552222868,35051.5212697703,-3.24206011995115,33518.444936892,1.53678665884595,9280.25863791442,2.24713983020912,9475.6826171875,3.84915193512856,20249.7963955695,6231.62075941063,0.789721589438102,26675.4401708559,1.86559949596563,9586.76908831811,3.09310182280637,43099.5973494837,0.766760919049389,54213.4595516389,1.53310203539129,6591.65085082332,2.20327878525978,YR2012
9862.66027656646,1.58399638632282,14071.5086831557,1.26568517537076,55723.9482270935,0.849416992679778,9247.5733810643,42846.2841957958,1.25361381330025,7.05073413381821,36205.1678224014,0.0599163796786826,40135.0158319837,0.163870562978019,1415.82872156692,5.13507450641239,3104.3479997837,4.15142822863413,35560.0814062288,-2.97240379999698,34239.8862473683,2.15237106564643,9282.99193347296,0.0294527950694885,9621.509765625,1.53897351738807,20175.5550516108,6284.86024979269,0.8543441977219,27394.6503074507,2.69615096128955,10225.7160912882,6.66488362329136,43621.0592250195,1.20989964548237,54830.7840664164,1.13869234666606,7056.41062734444,-0.366627607055563,YR2013
10043.2007221319,1.83054511159007,13567.9484159809,-3.57858050983289,56305.9790936359,1.04448964055885,9214.97724357405,43635.0954811371,1.84102612431141,6.75076031594273,36378.6186614699,0.479077572349041,40851.1617304855,1.7843418861469,1503.42150701848,6.18667951266134,3217.31746802671,3.63907230281121,35565.7213771496,-0.917813879753353,34386.905855287,0.429381122520397,9426.32458789743,1.54403510691023,9520.9404296875,-1.04526203847087,20327.67281398,6273.56631828484,-0.179700598883201,28094.9177029868,2.55621950883497,10549.676064426,3.16809082362309,44596.1897498767,2.23545815296934,55675.3868536862,1.54038064866397,7532.77199570517,0.753970644078976,YR2014
10231.7025852204,1.87691024309744,13789.060424772,1.62966427946263,56707.0220772116,0.712256477964445,8813.98980647828,43596.1355365546,-0.089285801148975,6.42073647723056,36652.9223052178,0.754024352327519,41103.2564363768,0.617105353219898,1605.60544457087,6.79675906426532,3331.69511469189,3.55506249544388,30242.3861352184,0.875477401786128,34960.6393843385,1.66846511711745,9616.64555810607,2.01903688371814,9313.013671875,-2.18388547157608,20627.9217793895,6259.83968110571,-0.218801180743498,28732.2310762599,2.26842940068582,11006.2795239649,4.32812777141611,45404.5677734722,1.81266163797693,56762.7294515989,1.95300411790625,8016.43143498003,1.47704544517767,YR2015
10396.4334234402,1.61000416937223,13360.2118345982,-3.11006389821465,57358.7827974217,1.1493474640983,8455.31234246959,43536.9134032467,-0.135842621321913,6.23821544775225,36956.7958003293,0.829056664516742,41682.0322433511,1.40810207548923,1719.31807624217,7.08222758310927,3456.9281144563,3.75883733214852,30960.7315088902,1.46569044434084,35242.1993771881,0.805362824616168,9751.56908337178,1.40302067337798,9313.9677734375,0.0102479204324482,20503.3846202292,6209.36588848656,-0.806311266588793,29461.7840071118,2.5391447288435,11187.0536378814,1.6424634093915,46081.7152875555,1.4913642994284,57292.5387829091,0.933375361665711,8516.51369911542,-0.603731003501579,YR2016
10625.2559297181,2.20097120770278,13595.0373551081,1.75764818265694,57695.5712591341,0.587161102950546,8498.29390646058,44325.4883367463,1.81127891680259,6.30186310052261,37694.0833027304,1.99499844733441,42639.5544087286,2.29720604740949,1816.73087569391,5.66578114880545,3589.71554262199,3.84119726442658,32406.7203150134,1.82033385192226,35861.9728545838,1.75861180161444,9842.40071150603,0.931456541585035,9473.1796875,1.70938569423402,19946.9529624275,6192.89240023292,-0.265300653069517,30307.395236491,2.87019696151147,11835.2611056347,5.79426441255653,46746.6418904989,1.44292936752505,58215.4116283343,1.61080808257104,9053.21273337092,-2.71385270338631,YR2017
10853.1114937657,2.14447130078329,13105.397163317,-3.60160975657155,58447.2526505317,1.302840712022,8582.33863665038,44917.4837282326,1.33556428524561,6.25170055569883,38291.8657809431,1.58587880599642,42973.2899573032,0.782690047310425,1914.01239670815,5.35475685010769,3732.86711146592,3.98782486089075,34622.1696664741,1.11781661979235,36117.2276899342,0.711770198436739,9945.77684548009,1.05031421707116,9739.900390625,2.81552410737709,20083.4598194673,6199.89169872681,0.113021477550987,31053.6379289101,2.46224621613314,12006.8158804758,1.44952251842886,47231.3368868464,1.03685521942496,59600.0530984446,2.37847922290794,9619.19248413167,0.684349420670699,YR2018
11019.3754280328,1.53194716890674,12712.9707379001,-2.99438788864292,58781.0466570626,0.571102988410345,8622.06659859425,45109.2444855151,0.426917853285573,5.57531686303849,38912.3312648593,1.62035845279964,43329.0506893066,0.827864779161388,1965.53932972188,2.69208982670941,3877.42462225362,3.87255979040009,33673.4754474483,1.6657365514354,36081.0653118215,-0.100125010765368,9819.53291395011,-1.26932197948273,9958.4609375,2.24397951657973,19817.8107097641,6125.73532475494,-1.19609144119572,31640.2146297141,1.8889146004307,11955.433463876,-0.427943737218101,47750.8796619598,1.0999959123708,60687.2322580937,1.82412448165672,10155.4929447876,-1.32272582558558,YR2019
10548.904223411,-4.26949065937913,11344.4057423154,-10.7651077297352,58029.5155258862,-1.27852628341415,8228.7742633553,42258.6910170917,-6.31922236990395,1.99661901386845,35785.967011942,-8.03437920909296,41315.3135706623,-4.64754497642672,1817.81578185277,-7.51567499237055,3757.12164054218,-3.10265171941667,31834.9726184046,-8.5978734610482,34556.4399294744,-4.22555534092724,8922.61247240763,-9.13404384304538,9711.41796875,-2.48072942766511,18700.2258378138,5659.20694886571,-7.61587550157316,31327.4094002797,-0.988631819016462,12038.6281095007,0.695873101348994,43166.1552001396,-9.60134031933372,58060.3139482984,-4.32861775376968,10358.2594478753,-5.63929532034349,YR2020
11057.4207536653,4.82056258626162,12390.8086878358,9.22395557148646,58780.3330605266,1.29385456321015,8551.20533611534,43945.5569903772,3.99176106189184,8.01334525952146,38210.2182125808,6.77430681090667,42526.5536890668,2.93169775011586,1961.42103117711,7.89987911635217,3855.79706026232,2.62635680078482,35551.2849900071,7.33584013982002,35278.4205119992,2.08927940493379,9255.21382138263,3.72762293558684,10219.7509765625,5.23438448285034,19018.4939483102,5864.82052240541,3.63325772316756,32644.67143704,4.20482274780308,13250.6589107258,10.0678481817088,46209.1051748182,7.04938848635004,61280.3896017986,5.54608722296537,11188.3025403105,1.70194795109265,YR2021
